<?xml version="1.0" encoding="UTF-8"?>
<root>
  <item name="com.xdja.comm.uitl.handler.ErrorFilter int filte(int)">
    <annotation name="android.support.annotation.IntDef">
      <val name="value" val="{com.xdja.comm.uitl.handler.ErrorFilter.SUCCESS, com.xdja.comm.uitl.handler.ErrorFilter.ERROR_DETECT_CARD_FAILD, com.xdja.comm.uitl.handler.ErrorFilter.ERROR_CARD_BROKEN, com.xdja.comm.uitl.handler.ErrorFilter.ERROR_PIN_MISSTIC, com.xdja.comm.uitl.handler.ErrorFilter.ERROR_OTHER}" />
    </annotation>
  </item>
  <item name="com.xdja.comm.uitl.handler.ErrorFilter.CardErrorCode">
    <annotation name="android.support.annotation.IntDef">
      <val name="value" val="{com.xdja.comm.uitl.handler.ErrorFilter.SUCCESS, com.xdja.comm.uitl.handler.ErrorFilter.ERROR_DETECT_CARD_FAILD, com.xdja.comm.uitl.handler.ErrorFilter.ERROR_CARD_BROKEN, com.xdja.comm.uitl.handler.ErrorFilter.ERROR_PIN_MISSTIC, com.xdja.comm.uitl.handler.ErrorFilter.ERROR_OTHER}" />
    </annotation>
  </item>
</root>

