<?xml version="1.0" encoding="UTF-8"?>
<root>
  <item name="com.xdja.comm.data.AccountDao boolean updateField(java.lang.String, java.lang.String) 0">
    <annotation name="android.support.annotation.StringDef">
      <val name="value" val="{com.xdja.comm.data.AccountDao.FIELD_ID, com.xdja.comm.data.AccountDao.FIELD_ACCOUNT, com.xdja.comm.data.AccountDao.FIELD_ALIAS, com.xdja.comm.data.AccountDao.FIELD_DEVICENAME, com.xdja.comm.data.AccountDao.FIELD_NICKNAME, com.xdja.comm.data.AccountDao.FIELD_MOBILE, com.xdja.comm.data.AccountDao.FIELD_MAIL, com.xdja.comm.data.AccountDao.FIELD_AVATAR, com.xdja.comm.data.AccountDao.FIELD_THUMBNAIL, com.xdja.comm.data.AccountDao.FIELD_AVATARDOWNLOADURL, com.xdja.comm.data.AccountDao.FIELD_THUMBNAILDOWNLOADURL, com.xdja.comm.data.AccountDao.FIELD_NICKNAMEPY, com.xdja.comm.data.AccountDao.FIELD_NICKNAMEPINYIN, com.xdja.comm.data.AccountDao.FIELD_COMPANYCODE}" />
    </annotation>
  </item>
  <item name="com.xdja.comm.data.AccountDao.ACCOUNT_FIELD">
    <annotation name="android.support.annotation.StringDef">
      <val name="value" val="{com.xdja.comm.data.AccountDao.FIELD_ID, com.xdja.comm.data.AccountDao.FIELD_ACCOUNT, com.xdja.comm.data.AccountDao.FIELD_ALIAS, com.xdja.comm.data.AccountDao.FIELD_DEVICENAME, com.xdja.comm.data.AccountDao.FIELD_NICKNAME, com.xdja.comm.data.AccountDao.FIELD_MOBILE, com.xdja.comm.data.AccountDao.FIELD_MAIL, com.xdja.comm.data.AccountDao.FIELD_AVATAR, com.xdja.comm.data.AccountDao.FIELD_THUMBNAIL, com.xdja.comm.data.AccountDao.FIELD_AVATARDOWNLOADURL, com.xdja.comm.data.AccountDao.FIELD_THUMBNAILDOWNLOADURL, com.xdja.comm.data.AccountDao.FIELD_NICKNAMEPY, com.xdja.comm.data.AccountDao.FIELD_NICKNAMEPINYIN, com.xdja.comm.data.AccountDao.FIELD_COMPANYCODE}" />
    </annotation>
  </item>
  <item name="com.xdja.comm.data.AppInfoDao boolean updateField(java.lang.String, java.lang.String, java.lang.String) 1">
    <annotation name="android.support.annotation.StringDef">
      <val name="value" val="{com.xdja.comm.data.AppInfoDao.FIELD_ID, com.xdja.comm.data.AppInfoDao.FIELD_APPID, com.xdja.comm.data.AppInfoDao.FIELD_PACKAGENAME, com.xdja.comm.data.AppInfoDao.FIELD_VERSIONNAME, com.xdja.comm.data.AppInfoDao.FIELD_VERSIONCODE, com.xdja.comm.data.AppInfoDao.FIELD_STATE, com.xdja.comm.data.AppInfoDao.FIELD_ISHAVEAPK, com.xdja.comm.data.AppInfoDao.FIELD_ISDOWNNOW, com.xdja.comm.data.AppInfoDao.FIELD_DOWNSIZE, com.xdja.comm.data.AppInfoDao.FIELD_FILENAME, com.xdja.comm.data.AppInfoDao.FIELD_APPSIZE, com.xdja.comm.data.AppInfoDao.FIELD_DOWNLOADURL}" />
    </annotation>
  </item>
  <item name="com.xdja.comm.data.AppInfoDao.APPINFO_FIELD">
    <annotation name="android.support.annotation.StringDef">
      <val name="value" val="{com.xdja.comm.data.AppInfoDao.FIELD_ID, com.xdja.comm.data.AppInfoDao.FIELD_APPID, com.xdja.comm.data.AppInfoDao.FIELD_PACKAGENAME, com.xdja.comm.data.AppInfoDao.FIELD_VERSIONNAME, com.xdja.comm.data.AppInfoDao.FIELD_VERSIONCODE, com.xdja.comm.data.AppInfoDao.FIELD_STATE, com.xdja.comm.data.AppInfoDao.FIELD_ISHAVEAPK, com.xdja.comm.data.AppInfoDao.FIELD_ISDOWNNOW, com.xdja.comm.data.AppInfoDao.FIELD_DOWNSIZE, com.xdja.comm.data.AppInfoDao.FIELD_FILENAME, com.xdja.comm.data.AppInfoDao.FIELD_APPSIZE, com.xdja.comm.data.AppInfoDao.FIELD_DOWNLOADURL}" />
    </annotation>
  </item>
  <item name="com.xdja.comm.data.SafeLockDao.SAFELOCK_FIELD">
    <annotation name="android.support.annotation.StringDef">
      <val name="value" val="{com.xdja.comm.data.SafeLockDao.FIELD_ID, com.xdja.comm.data.SafeLockDao.FIELD_KEY, com.xdja.comm.data.SafeLockDao.FIELD_VALUE, com.xdja.comm.data.SafeLockDao.PREPARE_COLUMN1, com.xdja.comm.data.SafeLockDao.PREPARE_COLUMN2, com.xdja.comm.data.SafeLockDao.PREPARE_COLUMN3, com.xdja.comm.data.SafeLockDao.PREPARE_COLUMN4, com.xdja.comm.data.SafeLockDao.PREPARE_COLUMN5}" />
    </annotation>
  </item>
  <item name="com.xdja.comm.data.SettingDao.SETTING_FIELD">
    <annotation name="android.support.annotation.StringDef">
      <val name="value" val="{com.xdja.comm.data.SettingDao.FIELD_ID, com.xdja.comm.data.SettingDao.FIELD_KEY, com.xdja.comm.data.SettingDao.FIELD_VALUE, com.xdja.comm.data.SettingDao.PREPARE_COLUMN1, com.xdja.comm.data.SettingDao.PREPARE_COLUMN2, com.xdja.comm.data.SettingDao.PREPARE_COLUMN3, com.xdja.comm.data.SettingDao.PREPARE_COLUMN4, com.xdja.comm.data.SettingDao.PREPARE_COLUMN5}" />
    </annotation>
  </item>
</root>

