<?xml version="1.0" encoding="UTF-8"?>
<root>
  <item name="com.xdja.comm.event.ChangeTabIndexEvent index">
    <annotation name="android.support.annotation.IntDef">
      <val name="value" val="{com.xdja.comm.event.TabTipsEvent.INDEX_CHAT, com.xdja.comm.event.TabTipsEvent.INDEX_VOIP, com.xdja.comm.event.TabTipsEvent.INDEX_CONTACT, com.xdja.comm.event.TabTipsEvent.INDEX_APP}" />
    </annotation>
  </item>
  <item name="com.xdja.comm.event.ChangeTabIndexEvent int getIndex()">
    <annotation name="android.support.annotation.IntDef">
      <val name="value" val="{com.xdja.comm.event.TabTipsEvent.INDEX_CHAT, com.xdja.comm.event.TabTipsEvent.INDEX_VOIP, com.xdja.comm.event.TabTipsEvent.INDEX_CONTACT, com.xdja.comm.event.TabTipsEvent.INDEX_APP}" />
    </annotation>
  </item>
  <item name="com.xdja.comm.event.ChangeTabIndexEvent void setIndex(int) 0">
    <annotation name="android.support.annotation.IntDef">
      <val name="value" val="{com.xdja.comm.event.TabTipsEvent.INDEX_CHAT, com.xdja.comm.event.TabTipsEvent.INDEX_VOIP, com.xdja.comm.event.TabTipsEvent.INDEX_CONTACT, com.xdja.comm.event.TabTipsEvent.INDEX_APP}" />
    </annotation>
  </item>
  <item name="com.xdja.comm.event.TabTipsEvent index">
    <annotation name="android.support.annotation.IntDef">
      <val name="value" val="{com.xdja.comm.event.TabTipsEvent.INDEX_CHAT, com.xdja.comm.event.TabTipsEvent.INDEX_VOIP, com.xdja.comm.event.TabTipsEvent.INDEX_CONTACT, com.xdja.comm.event.TabTipsEvent.INDEX_APP}" />
    </annotation>
  </item>
  <item name="com.xdja.comm.event.TabTipsEvent void setIndex(int) 0">
    <annotation name="android.support.annotation.IntDef">
      <val name="value" val="{com.xdja.comm.event.TabTipsEvent.INDEX_CHAT, com.xdja.comm.event.TabTipsEvent.INDEX_VOIP, com.xdja.comm.event.TabTipsEvent.INDEX_CONTACT, com.xdja.comm.event.TabTipsEvent.INDEX_APP}" />
    </annotation>
  </item>
  <item name="com.xdja.comm.event.TabTipsEvent.POINT_DEF">
    <annotation name="android.support.annotation.IntDef">
      <val name="value" val="{com.xdja.comm.event.TabTipsEvent.INDEX_CHAT, com.xdja.comm.event.TabTipsEvent.INDEX_VOIP, com.xdja.comm.event.TabTipsEvent.INDEX_CONTACT, com.xdja.comm.event.TabTipsEvent.INDEX_APP}" />
    </annotation>
  </item>
</root>

