<?xml version="1.0" encoding="UTF-8"?>
<root>
  <item name="com.xdja.comm.uitl.TextUtil android.text.Spanned getActomaText(android.content.Context, int, int, int, int, java.lang.String) 1">
    <annotation name="android.support.annotation.IntDef">
      <val name="value" val="{com.xdja.comm.uitl.TextUtil.ActomaImage.IMAGE_VERSION, com.xdja.comm.uitl.TextUtil.ActomaImage.IMAGE_TITLE, com.xdja.comm.uitl.TextUtil.ActomaImage.IMAGE_LIST, com.xdja.comm.uitl.TextUtil.ActomaImage.IMAGE_NOTIFICATION_BIG, com.xdja.comm.uitl.TextUtil.ActomaImage.IMAGE_NOTIFICATION_SMALL, com.xdja.comm.uitl.TextUtil.ActomaImage.IMAGE_INFO, com.xdja.comm.uitl.TextUtil.ActomaImage.IMAGE_VERSION_BIG, com.xdja.comm.uitl.TextUtil.ActomaImage.IMAGE_TOAST, com.xdja.comm.uitl.TextUtil.ActomaImage.IMAGE_LOGIN}" />
    </annotation>
  </item>
  <item name="com.xdja.comm.uitl.TextUtil.ActomaImage.ActomaImageType">
    <annotation name="android.support.annotation.IntDef">
      <val name="value" val="{com.xdja.comm.uitl.TextUtil.ActomaImage.IMAGE_VERSION, com.xdja.comm.uitl.TextUtil.ActomaImage.IMAGE_TITLE, com.xdja.comm.uitl.TextUtil.ActomaImage.IMAGE_LIST, com.xdja.comm.uitl.TextUtil.ActomaImage.IMAGE_NOTIFICATION_BIG, com.xdja.comm.uitl.TextUtil.ActomaImage.IMAGE_NOTIFICATION_SMALL, com.xdja.comm.uitl.TextUtil.ActomaImage.IMAGE_INFO, com.xdja.comm.uitl.TextUtil.ActomaImage.IMAGE_VERSION_BIG, com.xdja.comm.uitl.TextUtil.ActomaImage.IMAGE_TOAST, com.xdja.comm.uitl.TextUtil.ActomaImage.IMAGE_LOGIN}" />
    </annotation>
  </item>
</root>

