<?xml version="1.0" encoding="UTF-8"?>
<root>
  <item name="com.xdja.dependence.annotations.DiConfig.BundleType">
    <annotation name="android.support.annotation.StringDef">
      <val name="value" val="{com.xdja.dependence.annotations.DiConfig.BUNDLE_ACTIVITY, com.xdja.dependence.annotations.DiConfig.BUNDLE_FRAGMENT}" />
    </annotation>
  </item>
  <item name="com.xdja.dependence.annotations.DiConfig.ConnType">
    <annotation name="android.support.annotation.StringDef">
      <val name="value" val="{com.xdja.dependence.annotations.DiConfig.CONN_HTTP, com.xdja.dependence.annotations.DiConfig.CONN_HTTPS, com.xdja.dependence.annotations.DiConfig.CONN_HTTP_DEF, com.xdja.dependence.annotations.DiConfig.CONN_HTTPS_DEF, com.xdja.dependence.annotations.DiConfig.CONN_HTTP_TICKET, com.xdja.dependence.annotations.DiConfig.CONN_HTTPS_TICKET}" />
    </annotation>
  </item>
  <item name="com.xdja.dependence.annotations.DiConfig.ContextScopeType">
    <annotation name="android.support.annotation.StringDef">
      <val name="value" val="{com.xdja.dependence.annotations.DiConfig.CONTEXT_SCOPE_APP, com.xdja.dependence.annotations.DiConfig.CONTEXT_SCOPE_ACTIVITY}" />
    </annotation>
  </item>
  <item name="com.xdja.dependence.annotations.DiConfig.StoreType">
    <annotation name="android.support.annotation.StringDef">
      <val name="value" val="{com.xdja.dependence.annotations.DiConfig.TYPE_CLOUD, com.xdja.dependence.annotations.DiConfig.TYPE_DISK, com.xdja.dependence.annotations.DiConfig.TYPE_MEMORY}" />
    </annotation>
  </item>
</root>

