<?xml version="1.0" encoding="UTF-8"?>
<root>
  <item name="com.xdja.imp.data.di.DiConfig.ConnType">
    <annotation name="android.support.annotation.StringDef">
      <val name="value" val="{com.xdja.imp.data.di.DiConfig.CONN_HTTP, com.xdja.imp.data.di.DiConfig.CONN_HTTPS}" />
    </annotation>
  </item>
  <item name="com.xdja.imp.data.di.DiConfig.ContextScope">
    <annotation name="android.support.annotation.StringDef">
      <val name="value" val="{com.xdja.imp.data.di.DiConfig.CONTEXT_SCOPE_APP, com.xdja.imp.data.di.DiConfig.CONTEXT_SCOPE_ACTIVITY}" />
    </annotation>
  </item>
</root>

