<?xml version="1.0" encoding="UTF-8"?>
<root>
  <item name="com.xdja.comm.server.AccountServer boolean updateAccountField(java.lang.String, java.lang.String) 0">
    <annotation name="android.support.annotation.StringDef">
      <val name="value" val="{com.xdja.comm.data.AccountDao.FIELD_ID, com.xdja.comm.data.AccountDao.FIELD_ACCOUNT, com.xdja.comm.data.AccountDao.FIELD_ALIAS, com.xdja.comm.data.AccountDao.FIELD_DEVICENAME, com.xdja.comm.data.AccountDao.FIELD_NICKNAME, com.xdja.comm.data.AccountDao.FIELD_MOBILE, com.xdja.comm.data.AccountDao.FIELD_MAIL, com.xdja.comm.data.AccountDao.FIELD_AVATAR, com.xdja.comm.data.AccountDao.FIELD_THUMBNAIL, com.xdja.comm.data.AccountDao.FIELD_AVATARDOWNLOADURL, com.xdja.comm.data.AccountDao.FIELD_THUMBNAILDOWNLOADURL, com.xdja.comm.data.AccountDao.FIELD_NICKNAMEPY, com.xdja.comm.data.AccountDao.FIELD_NICKNAMEPINYIN, com.xdja.comm.data.AccountDao.FIELD_COMPANYCODE}" />
    </annotation>
  </item>
  <item name="com.xdja.comm.server.AppInfoServer boolean updateAppInfoField(java.lang.String, java.lang.String, java.lang.String) 1">
    <annotation name="android.support.annotation.StringDef">
      <val name="value" val="{com.xdja.comm.data.AppInfoDao.FIELD_ID, com.xdja.comm.data.AppInfoDao.FIELD_APPID, com.xdja.comm.data.AppInfoDao.FIELD_PACKAGENAME, com.xdja.comm.data.AppInfoDao.FIELD_VERSIONNAME, com.xdja.comm.data.AppInfoDao.FIELD_VERSIONCODE, com.xdja.comm.data.AppInfoDao.FIELD_STATE, com.xdja.comm.data.AppInfoDao.FIELD_ISHAVEAPK, com.xdja.comm.data.AppInfoDao.FIELD_ISDOWNNOW, com.xdja.comm.data.AppInfoDao.FIELD_DOWNSIZE, com.xdja.comm.data.AppInfoDao.FIELD_FILENAME, com.xdja.comm.data.AppInfoDao.FIELD_APPSIZE, com.xdja.comm.data.AppInfoDao.FIELD_DOWNLOADURL}" />
    </annotation>
  </item>
</root>

